pid,fnm,lnm,hght,rel_bx,rel_by,rel_bz,norm_rvx,norm_rvy,norm_rvz
201935,James,Harden,77,-0.129514580060721,0.1595141740539,3.35438458203299,0.8956773996476574,-0.44374338764915894,-0.02921988497682761
162836,Stephen,Curry,74,-0.103245111111111,0.173214845670981,3.26829384739201,0.8824680438100906,-0.46987480047606106,-0.02162922864029048
2544,LeBron,James,81,-0.11478254710321,0.16234789104561,3.40123567891234,0.8822696404590541,-0.4697789954630025,-0.030132655807673568
202691,Klay,Thompson,78,-0.11123498765432,0.16478921345678,3.3221987654321,0.8786402342755832,-0.4765638525617733,-0.029634998627103473
203076,Damian,Lillard,74,-0.11765432109876,0.16876543210987,3.29812345678901,0.8849169236530386,-0.4649419701979362,-0.02740442630130438
